Source,Target
BE0001,BE0126
BE0001,BE0127
BE0002,BE0015
BE0004,BE0144
BE0004,BE0068
BE0004,BE0147
BE0005,BE0151
BE0005,BE0006
BE0005,BE0152
BE0005,BE0056
BE0005,BE0153
BE0005,BE0154
BE0006,BE0153
BE0006,BE0005
BE0008,BE0162
BE0008,BE0004
BE0009,BE0039
BE0009,BE0037
BE0009,BE0038
BE0009,BE0163
BE0009,BE0164
BE0010,BE0162
BE0011,BE0061
BE0011,BE0169
BE0011,BE0151
BE0011,BE0170
BE0011,BE0052
BE0011,BE0171
BE0011,BE0173
BE0011,BE0174
BE0011,BE0175
BE0012,BE0176
BE0012,BE0115
BE0012,BE0177
BE0012,BE0058
BE0013,BE0116
BE0013,BE0071
BE0013,BE0180
BE0013,BE0119
BE0013,BE0181
BE0014,BE0182
BE0014,BE0050
BE0015,BE0170
BE0017,BE0144
BE0017,BE0193
BE0018,BE0180
BE0018,BE0077
BE0018,BE0116
BE0018,BE0083
BE0019,BE0060
BE0019,BE0020
BE0019,BE0144
BE0020,BE0202
BE0021,BE0065
BE0021,BE0059
BE0021,BE0208
BE0021,BE0209
BE0021,BE0023
BE0021,BE0210
BE0022,BE0059
BE0022,BE0123
BE0022,BE0002
BE0022,BE0212
BE0023,BE0021
BE0023,BE0209
BE0024,BE0215
BE0024,BE0059
BE0026,BE0102
BE0026,BE0166
BE0027,BE0227
BE0028,BE0230
BE0028,BE0236
BE0028,BE0003
BE0028,BE0140
BE0029,BE0088
BE0029,BE0211
BE0029,BE0001
BE0030,BE0244
BE0030,BE0031
BE0030,BE0091
BE0031,BE0144
BE0032,BE0253
BE0032,BE0034
BE0032,BE0151
BE0032,BE0066
BE0032,BE0059
BE0033,BE0078
BE0033,BE0229
BE0034,BE0032
BE0034,BE0051
BE0034,BE0066
BE0035,BE0083
BE0035,BE0044
BE0036,BE0261
BE0036,BE0037
BE0036,BE0007
BE0036,BE0039
BE0036,BE0038
BE0036,BE0121
BE0037,BE0009
BE0037,BE0265
BE0037,BE0164
BE0038,BE0039
BE0038,BE0261
BE0038,BE0037
BE0038,BE0265
BE0039,BE0038
BE0039,BE0037
BE0039,BE0265
BE0040,BE0003
BE0040,BE0219
BE0040,BE0275
BE0041,BE0040
BE0041,BE0028
BE0041,BE0237
BE0042,BE0230
BE0043,BE0229
BE0043,BE0166
BE0044,BE0083
BE0044,BE0282
BE0045,BE0126
BE0045,BE0285
BE0046,BE0004
BE0047,BE0288
BE0047,BE0291
BE0047,BE0286
BE0047,BE0148
BE0048,BE0049
BE0048,BE0297
BE0049,BE0298
BE0050,BE0299
BE0051,BE0066
BE0051,BE0034
BE0051,BE0067
BE0051,BE0032
BE0052,BE0151
BE0052,BE0171
BE0053,BE0094
BE0053,BE0201
BE0054,BE0042
BE0055,BE0070
BE0055,BE0311
BE0056,BE0059
BE0056,BE0312
BE0056,BE0120
BE0056,BE0020
BE0056,BE0005
BE0057,BE0177
BE0057,BE0068
BE0057,BE0012
BE0057,BE0314
BE0057,BE0152
BE0057,BE0315
BE0058,BE0115
BE0059,BE0317
BE0059,BE0318
BE0059,BE0032
BE0059,BE0109
BE0059,BE0212
BE0059,BE0022
BE0060,BE0319
BE0060,BE0191
BE0061,BE0060
BE0061,BE0151
BE0062,BE0083
BE0062,BE0079
BE0062,BE0323
BE0063,BE0049
BE0063,BE0098
BE0063,BE0324
BE0063,BE0298
BE0064,BE0298
BE0064,BE0049
BE0064,BE0098
BE0064,BE0325
BE0065,BE0021
BE0065,BE0326
BE0065,BE0327
BE0066,BE0122
BE0066,BE0191
BE0066,BE0329
BE0067,BE0066
BE0067,BE0032
BE0067,BE0151
BE0067,BE0051
BE0068,BE0331
BE0068,BE0086
BE0068,BE0332
BE0068,BE0333
BE0069,BE0049
BE0069,BE0048
BE0070,BE0313
BE0070,BE0044
BE0070,BE0112
BE0070,BE0124
BE0070,BE0060
BE0071,BE0116
BE0071,BE0180
BE0071,BE0119
BE0071,BE0255
BE0072,BE0336
BE0072,BE0337
BE0072,BE0157
BE0072,BE0040
BE0073,BE0060
BE0073,BE0019
BE0073,BE0339
BE0074,BE0202
BE0075,BE0197
BE0075,BE0060
BE0077,BE0188
BE0077,BE0031
BE0078,BE0229
BE0078,BE0033
BE0078,BE0341
BE0079,BE0322
BE0079,BE0342
BE0080,BE0113
BE0080,BE0344
BE0080,BE0345
BE0080,BE0083
BE0080,BE0346
BE0081,BE0348
BE0081,BE0350
BE0082,BE0352
BE0082,BE0353
BE0083,BE0044
BE0083,BE0347
BE0083,BE0354
BE0083,BE0080
BE0084,BE0356
BE0084,BE0178
BE0085,BE0357
BE0086,BE0345
BE0086,BE0081
BE0087,BE0064
BE0087,BE0063
BE0088,BE0029
BE0088,BE0211
BE0089,BE0366
BE0090,BE0018
BE0090,BE0091
BE0091,BE0059
BE0091,BE0031
BE0091,BE0106
BE0091,BE0030
BE0092,BE0093
BE0092,BE0012
BE0093,BE0092
BE0094,BE0201
BE0094,BE0370
BE0096,BE0299
BE0097,BE0096
BE0097,BE0374
BE0097,BE0373
BE0098,BE0093
BE0099,BE0096
BE0099,BE0103
BE0099,BE0374
BE0101,BE0096
BE0101,BE0082
BE0102,BE0026
BE0102,BE0166
BE0102,BE0236
BE0103,BE0380
BE0103,BE0017
BE0104,BE0382
BE0104,BE0383
BE0104,BE0017
BE0104,BE0170
BE0105,BE0170
BE0105,BE0384
BE0105,BE0052
BE0106,BE0035
BE0106,BE0385
BE0106,BE0386
BE0106,BE0078
BE0106,BE0024
BE0106,BE0030
BE0106,BE0387
BE0107,BE0137
BE0107,BE0108
BE0107,BE0041
BE0107,BE0033
BE0108,BE0131
BE0108,BE0078
BE0108,BE0106
BE0108,BE0393
BE0108,BE0015
BE0108,BE0357
BE0109,BE0394
BE0109,BE0059
BE0110,BE0077
BE0110,BE0260
BE0110,BE0397
BE0110,BE0398
BE0110,BE0399
BE0111,BE0379
BE0111,BE0044
BE0111,BE0335
BE0112,BE0402
BE0112,BE0403
BE0112,BE0404
BE0112,BE0070
BE0112,BE0168
BE0113,BE0346
BE0113,BE0044
BE0113,BE0080
BE0114,BE0194
BE0114,BE0407
BE0114,BE0408
BE0114,BE0337
BE0114,BE0410
BE0115,BE0411
BE0116,BE0119
BE0116,BE0013
BE0116,BE0071
BE0116,BE0180
BE0117,BE0196
BE0118,BE0116
BE0118,BE0092
BE0119,BE0116
BE0119,BE0071
BE0119,BE0180
BE0120,BE0312
BE0120,BE0056
BE0120,BE0059
BE0121,BE0420
BE0121,BE0421
BE0122,BE0008
BE0122,BE0121
BE0123,BE0291
BE0124,BE0112
BE0125,BE0016
